,date_time,F_actual,OPmode,OPstate,RPM_actual,currenttoolnum,cuttingTime,cycletime,executionFlag,feedF,feedratio,inspectionData,line_name,machine_num,operatingTime,poweronTime,shop_name,spindle_load,spindle_temp,spindleratio,tool_current_life_01,tool_current_life_02,tool_current_life_03,tool_current_life_04,tool_current_life_05,tool_current_life_11,tool_current_life_12,tool_current_life_13,tool_current_life_14,tool_current_life_15,tool_preset_life_01,tool_preset_life_02,tool_preset_life_03,tool_preset_life_04,tool_preset_life_05,tool_preset_life_11,tool_preset_life_12,tool_preset_life_13,tool_preset_life_14,tool_preset_life_15,workcount,x_pos,y_pos,z_pos
0,20191027053006.192,,,,,2.0,,,,,,,,,,,,,,,,,,,,,,,,,,,,,,,,,,,,,,
1,20191027053006.223,,,,,,,,,,,,,,,,,6.0,,,,,,,,,,,,,,,,,,,,,,,,,,
2,20191027053006.239,,,,,,,,2.0,,,,,,,,,,,,,,,,,,,,,,,,,,,,,,,,,,,
3,20191027053006.285,,,,,,,,,,,,,,,,,,,,,,,,,,,,,,,,,,,,,,,,,390274.0,-146537.0,9400.0
4,20191027053006.489,,,,,2.0,,,,,,,,,,,,,,,,,,,,,,,,,,,,,,,,,,,,,,
5,20191027053006.520,,,,,,,,2.0,,,,,,,,,232.0,,,,,,,,,,,,,,,,,,,,,,,,,,
6,20191027053006.551,,,,,,,,,,,,,,,,,,,,,,,,,,,,,,,,,,,,,,,,,296441.0,-233233.0,0.0
7,20191027053006.582,,,,,2.0,,,,,,,,,,,,,,,,,,,,,,,,,,,,,,,,,,,,,,
8,20191027053006.598,,,,,,,,,,,,,,,,,111.0,,,,,,,,,,,,,,,,,,,,,,,,,,
9,20191027053006.629,,,,,,,,2.0,,,,,,,,,,,,,,,,,,,,,,,,,,,,,,,,,,,
10,20191027053006.660,,,,,,,,,,,,,,,,,,,,,,,,,,,,,,,,,,,,,,,,,291528.0,-237772.0,-6660.0
11,20191027053006.707,,,,,2.0,,,,,,,,,,,,,,,,,,,,,,,,,,,,,,,,,,,,,,
12,20191027053006.723,,,,,,,,,,,,,,,,,54.0,,,,,,,,,,,,,,,,,,,,,,,,,,
13,20191027053006.754,,,,,,,,2.0,,,,,,,,,,,,,,,,,,,,,,,,,,,,,,,,,,,
14,20191027053006.785,,,,,,,,,,,,,,,,,,,,,,,,,,,,,,,,,,,,,,,,,291528.0,-237772.0,-99600.0
15,20191027053006.848,,,,,2.0,,,,,,,,,,,,,,,,,,,,,,,,,,,,,,,,,,,,,,
16,20191027053006.879,,,,,,,,,,,,,,,,,18.0,,,,,,,,,,,,,,,,,,,,,,,,,,
17,20191027053006.895,,,,,,,,2.0,,,,,,,,,,,,,,,,,,,,,,,,,,,,,,,,,291528.0,-237772.0,-188553.0
18,20191027053006.942,,,,,2.0,,,,,,,,,,,,,,,,,,,,,,,,,,,,,,,,,,,,,,
19,20191027053006.957,,,,,,,,,,,,,,,,,10.0,,,,,,,,,,,,,,,,,,,,,,,,,,
20,20191027053007.035,,,,,,,,2.0,,,,,,,,,,,,,,,,,,,,,,,,,,,,,,,,,,,
21,20191027053007.082,,,,,,,,,,,,,,,,,,,,,,,,,,,,,,,,,,,,,,,,,291528.0,-237772.0,-204553.0
22,20191027053007.145,,,,,2.0,,,,,,,,,,,,,,,,,,,,,,,,,,,,,,,,,,,,,,
23,20191027053007.176,,,,,,,,2.0,,,,,,,,,4.0,,,,,,,,,,,,,,,,,,,,,,,,,,
24,20191027053007.207,,,,,,,,,,,,,,,,,,,,,,,,,,,,,,,,,,,,,,,,,294047.0,-239227.0,-204553.0
25,20191027053007.254,,,,,2.0,,,,,,,,,,,,,,,,,,,,,,,,,,,,,,,,,,,,,,
26,20191027053007.270,,,,,,,,,,,,,,,,,5.0,,,,,,,,,,,,,,,,,,,,,,,,,,
27,20191027053007.317,,,,,,,,2.0,,,,,,,,,,,,,,,,,,,,,,,,,,,,,,,,,,,
28,20191027053007.348,,,,,,,,,,,,,,,,,,,,,,,,,,,,,,,,,,,,,,,,,298438.0,-241763.0,-204553.0
29,20191027053007.379,,,,,2.0,,,,,,,,,,,,,,,,,,,,,,,,,,,,,,,,,,,,,,
30,20191027053007.395,,,,,,,,,,,,,,,,,6.0,,,,,,,,,,,,,,,,,,,,,,,,,,
31,20191027053007.410,,,,,,,,2.0,,,,,,,,,,,,,,,,,,,,,,,,,,,,,,,,,,,
32,20191027053007.442,,,,,,,,,,,,,,,,,,,,,,,,,,,,,,,,,,,,,,,,,298456.0,-244831.0,-204553.0
33,20191027053007.504,,,,,2.0,,,,,,,,,,,,,,,,,,,,,,,,,,,,,,,,,,,,,,
34,20191027053007.520,,,,,,,,,,,,,,,,,5.0,,,,,,,,,,,,,,,,,,,,,,,,,,
35,20191027053007.567,,,,,,,,2.0,,,,,,,,,,,,,,,,,,,,,,,,,,,,,,,,,,,
36,20191027053007.598,,,,,,,,,,,,,,,,,,,,,,,,,,,,,,,,,,,,,,,,,298454.0,-254431.0,-204553.0
37,20191027053007.660,,,,,2.0,,,,,,,,,,,,,,,,,,,,,,,,,,,,,,,,,,,,,,
38,20191027053007.676,,,,,,,,,,,,,,,,,4.0,,,,,,,,,,,,,,,,,,,,,,,,,,
39,20191027053007.707,,,,,,,,2.0,,,,,,,,,,,,,,,,,,,,,,,,,,,,,,,,,,,
40,20191027053007.754,,,,,,,,,,,,,,,,,,,,,,,,,,,,,,,,,,,,,,,,,298604.0,-260829.0,-204553.0
41,20191027053007.785,,,,,2.0,,,,,,,,,,,,,,,,,,,,,,,,,,,,,,,,,,,,,,
42,20191027053007.817,,,,,,,,,,,,,,,,,3.0,,,,,,,,,,,,,,,,,,,,,,,,,,
43,20191027053007.864,,,,,,,,2.0,,,,,,,,,,,,,,,,,,,,,,,,,,,,,,,,,,,
44,20191027053007.895,,,,,,,,,,,,,,,,,,,,,,,,,,,,,,,,,,,,,,,,,299191.0,-268797.0,-204553.0
45,20191027053007.926,,,,,2.0,,,,,,,,,,,,,,,,,,,,,,,,,,,,,,,,,,,,,,
46,20191027053007.989,,,,,,,,,,,,,,,,,3.0,,,,,,,,,,,,,,,,,,,,,,,,,,
47,20191027053008.004,,,,,,,,2.0,,,,,,,,,,,,,,,,,,,,,,,,,,,,,,,,,,,
48,20191027053008.020,,,,4997.0,,,,,,2999.0,,,,,,,,,,,,,,,,,,,,,,,,,,,,,,,,,
49,20191027053008.051,,,,,,,,,,,,,,,,,,,,,,,,,,,,,,,,,,,,,,,,,301607.0,-276398.0,-204553.0
50,20191027053008.067,2999.0,,,,,,,,,,,,,,,,,,,,,,,,,,,,,,,,,,,,,,,,,,
51,20191027053008.098,,,,,2.0,,,,,,,,,,,,,,,,,,,,,,,,,,,,,,,,,,,,,,
52,20191027053008.145,,,,,,,39.0,,,,,,,,,,3.0,,,,,,,,,,,,,,,,,,,,,,,,,,
53,20191027053008.192,,,,,,,,2.0,,,,,,,,,,,,,,,,,,,,,,,,,,,,,,,,,,,
54,20191027053008.254,,,,,,,,,,,,,,,,,,,,,,,,,,,,,,,,,,,,,,,,,307097.0,-284217.0,-204553.0
55,20191027053008.285,,,,,,,,,,,,,,14567652.0,,,,,,,,,,,,,,,,,,,,,,,,,,,,,
56,20191027053008.332,,,,,2.0,,,,,,,,,,,,,,,,,,,,,,,,,,,,,,,,,,,,,,
57,20191027053008.364,,,,,,,,,,,,,,,80112600.0,,,,,,,,,,,,,,,,,,,,,,,,,,,,
58,20191027053008.410,,,,,,,,,,,,,,,,,2.0,,,,,,,,,,,,,,,,,,,,,,,,,,
59,20191027053008.457,,,,,,,,2.0,,,,,,,,,,,,,,,,,,,,,,,,,,,,,,,,,,,
60,20191027053008.473,,,,,,21908553.0,,,,,,,,,,,,,,,,,,,,,,,,,,,,,,,,,,,,,
61,20191027053008.504,,,,,,,,,,,,,,,,,,,,,,,,,,,,,,,,,,,,,,,,,317851.0,-290958.0,-204553.0
62,20191027053008.520,,,,,,,,,,,,,,,,,,,,,,,,,,,,,,,,,,,,,,,,16797.0,,,
63,20191027053008.551,,,,,2.0,,,,,,,,,,,,,,,,,,,,,,,,,,,,,,,,,,,,,,
64,20191027053008.598,,,,,,,,,,,,,,,,,,,,,,,,,,,,,,1500.0,,,,,,,,,,,,,
65,20191027053008.629,,,,,,,,,,,,,,,,,2.0,,,,,,,,,,,,,,,,,,,,,,,,,,
66,20191027053008.676,,,,,,,,,,,,,,,,,,,,,,,,,,,,,,,900.0,,,,,,,,,,,,
67,20191027053008.707,,,,,,,,2.0,,,,,,,,,,,,,,,,,,,,,,,,,,,,,,,,,,,
68,20191027053008.739,,,,,,,,,,,,,,,,,,,,,,,,,,,,,,,,400.0,,,,,,,,,,,
69,20191027053008.785,,,,,,,,,,,,,,,,,,,,,,,,,,,,,,,,,,,,,,,,,332052.0,-292847.0,-204553.0
70,20191027053008.801,,,,,,,,,,,,,,,,,,,,,,,,,,,,,,,,,400.0,,,,,,,,,,
71,20191027053008.848,,,,,2.0,,,,,,,,,,,,,,,,,,,,,,,,,,,,,,,,,,,,,,
72,20191027053008.864,,,,,,,,,,,,,,,,,,,,,,,,,,,,,,,,,,400.0,,,,,,,,,
73,20191027053008.879,,,,,,,,,,,,,,,,,3.0,,,,,,,,,,,,,,,,,,,,,,,,,,
74,20191027053008.926,,,,,,,,,,,,,,,,,,,,,,,,,,,,,,,,,,,2000.0,,,,,,,,
75,20191027053008.973,,,,,,,,2.0,,,,,,,,,,,,,,,,,,,,,,,,,,,,,,,,,,,
76,20191027053008.989,,,,,,,,,,,,,,,,,,,,,,,,,,,,,,,,,,,,0.0,,,,,,,
77,20191027053009.004,,,,,,,,,,,,,,,,,,,,,,,,,,,,,,,,,,,,,,,,,343252.0,-292878.0,-204553.0
78,20191027053009.035,,,,,,,,,,,,,,,,,,,,,,,,,,,,,,,,,,,,,0.0,,,,,,
79,20191027053009.067,,,,,2.0,,,,,,,,,,,,,,,,,,,,,,,,,,,,,,,,,,,,,,
80,20191027053009.082,,,,,,,,,,,,,,,,,,,,,,,,,,,,,,,,,,,,,,0.0,,,,,
81,20191027053009.098,,,,,,,,,,,,,,,,,3.0,,,,,,,,,,,,,,,,,,,,,,,,,,
82,20191027053009.114,,,,,,,,,,,,,,,,,,,,,,,,,,,,,,,,,,,,,,,0.0,,,,
83,20191027053009.129,,,,,,,,2.0,,,,,,,,,,,,,,,,,,,,,,,,,,,,,,,,,,,
84,20191027053009.176,,,,,,,,,,,,,,,,,,,,275.0,,,,,,,,,,,,,,,,,,,,,,,
85,20191027053009.207,,,,,,,,,,,,,,,,,,,,,,,,,,,,,,,,,,,,,,,,,352852.0,-292878.0,-204553.0
86,20191027053009.239,,,,,,,,,,,,,,,,,,,,,274.0,,,,,,,,,,,,,,,,,,,,,,
87,20191027053009.301,,,,,2.0,,,,,,,,,,,,,,,,,,,,,,,,,,,,,,,,,,,,,,
88,20191027053009.317,,,,,,,,,,,,,,,,,,,,,,274.0,,,,,,,,,,,,,,,,,,,,,
89,20191027053009.348,,,,,,,,,,,,,,,,,3.0,,,,,,,,,,,,,,,,,,,,,,,,,,
90,20191027053009.364,,,,,,,,,,,,,,,,,,,,,,,274.0,,,,,,,,,,,,,,,,,,,,
91,20191027053009.379,,,,,,,,2.0,,,,,,,,,,,,,,,,,,,,,,,,,,,,,,,,,,,
92,20191027053009.395,,,,,,,,,,,,,,,,,,,,,,,,274.0,,,,,,,,,,,,,,,,,,,
93,20191027053009.442,,,,,,,,,,,,,,,,,,,,,,,,,,,,,,,,,,,,,,,,,364049.0,-292775.0,-204553.0
94,20191027053009.473,,,,,,,,,,,,,,,,,,,,,,,,,274.0,,,,,,,,,,,,,,,,,,
95,20191027053009.520,,,,,2.0,,,,,,,,,,,,,,,,,,,,,,,,,,,,,,,,,,,,,,
96,20191027053009.551,,,,,,,,,,,,,,,,,,,,,,,,,,0.0,,,,,,,,,,,,,,,,,
97,20191027053009.582,,,,,,,,,,,,,,,,,4.0,,,,,,,,,,,,,,,,,,,,,,,,,,
98,20191027053009.598,,,,,,,,,,,,,,,,,,,,,,,,,,,0.0,,,,,,,,,,,,,,,,
99,20191027053009.645,,,,,,,,2.0,,,,,,,,,,,,,,,,,,,,,,,,,,,,,,,,,,,
100,20191027053009.676,,,,,,,,,,,,,,,,,,,,,,,,,,,,0.0,,,,,,,,,,,,,,,
101,20191027053009.723,,,,,,,,,,,,,,,,,,,,,,,,,,,,,,,,,,,,,,,,,376849.0,-292750.0,-204553.0
102,20191027053009.754,,,,,,,,,,,,,D09,,,C04,,,,,,,,,,,,,0.0,,,,,,,,,,,,,,
103,20191027053009.785,,,,,2.0,,,,,,,,,,,,,,,,,,,,,,,,,,,,,,,,,,,,,,
104,20191027053009.801,,,2.0,,,,,,,,,,,,,,,,,,,,,,,,,,,,,,,,,,,,,,,,
105,20191027053009.817,,,,,,,,,,,,,,,,,2.0,,,,,,,,,,,,,,,,,,,,,,,,,,
106,20191027053009.879,,,,,,,,,,,,,,,,,,35.0,,,,,,,,,,,,,,,,,,,,,,,,,
107,20191027053009.895,,,,,,,,2.0,,,,,,,,,,,,,,,,,,,,,,,,,,,,,,,,,,,
108,20191027053009.910,,,,,,,,,,,,,,,,,,,,,,,,,,,,,,,,,,,,,,,,,387803.0,-290682.0,-204553.0
109,20191027053009.989,,,,,2.0,,,,,,,,,,,,,,,,,,,,,,,,,,,,,,,,,,,,,,
110,20191027053010.020,,,,,,,,,,,,,,,,,2.0,,,,,,,,,,,,,,,,,,,,,,,,,,
111,20191027053010.035,,,,4997.0,,,,,,2999.0,,,,,,,,,,,,,,,,,,,,,,,,,,,,,,,,,
112,20191027053010.051,,,,,,,,2.0,,,,,,,,,,,,,,,,,,,,,,,,,,,,,,,,,,,
113,20191027053010.082,2999.0,,,,,,,,,,,,,,,,,,,,,,,,,,,,,,,,,,,,,,,,,,
114,20191027053010.129,,,,,,,,,,,,,,,,,,,,,,,,,,,,,,,,,,,,,,,,,396040.0,-285840.0,-204553.0
115,20191027053010.176,,,,,,,41.0,,,,,,,,,,,,,,,,,,,,,,,,,,,,,,,,,,,,
116,20191027053010.207,,,,,2.0,,,,,,,,,,,,,,,,,,,,,,,,,,,,,,,,,,,,,,
117,20191027053010.239,,,,,,,,,,,,,,,,,2.0,,,,,,,,,,,,,,,,,,,,,,,,,,
118,20191027053010.270,,,,,,,,,,,,,,14567654.0,,,,,,,,,,,,,,,,,,,,,,,,,,,,,
119,20191027053010.285,,,,,,,,2.0,,,,,,,,,,,,,,,,,,,,,,,,,,,,,,,,,,,
120,20191027053010.301,,,,,,,,,,,,,,,80112600.0,,,,,,,,,,,,,,,,,,,,,,,,,,,,
121,20191027053010.332,,,,,,,,,,,,,,,,,,,,,,,,,,,,,,,,,,,,,,,,,402944.0,-277116.0,-204553.0
122,20191027053010.379,,,,,,21908555.0,,,,,,,,,,,,,,,,,,,,,,,,,,,,,,,,,,,,,
123,20191027053010.426,,,,,2.0,,,,,,,,,,,,,,,,,,,,,,,,,,,,,,,,,,,,,,
124,20191027053010.457,,,,,,,,,,,,,,,,,,,,,,,,,,,,,,,,,,,,,,,,16797.0,,,
125,20191027053010.489,,,,,,,,,,,,,,,,,3.0,,,,,,,,,,,,,,,,,,,,,,,,,,
126,20191027053010.504,,,,,,,,,,,,,,,,,,,,,,,,,,,,,,1500.0,,,,,,,,,,,,,
127,20191027053010.535,,,,,,,,2.0,,,,,,,,,,,,,,,,,,,,,,,,,,,,,,,,,,,
128,20191027053010.567,,,,,,,,,,,,,,,,,,,,,,,,,,,,,,,900.0,,,,,,,,,,,,
129,20191027053010.598,,,,,,,,,,,,,,,,,,,,,,,,,,,,,,,,,,,,,,,,,406185.0,-264826.0,-204553.0
130,20191027053010.629,,,,,,,,,,,,,,,,,,,,,,,,,,,,,,,,400.0,,,,,,,,,,,
131,20191027053010.645,,,,,2.0,,,,,,,,,,,,,,,,,,,,,,,,,,,,,,,,,,,,,,
132,20191027053010.676,,,,,,,,,,,,,,,,,,,,,,,,,,,,,,,,,400.0,,,,,,,,,,
133,20191027053010.692,,,,,,,,,,,,,,,,,5.0,,,,,,,,,,,,,,,,,,,,,,,,,,
134,20191027053010.707,,,,,,,,,,,,,,,,,,,,,,,,,,,,,,,,,,400.0,,,,,,,,,
135,20191027053010.739,,,,,,,,2.0,,,,,,,,,,,,,,,,,,,,,,,,,,,,,,,,,,,
136,20191027053010.754,,,,,,,,,,,,,,,,,,,,,,,,,,,,,,,,,,,2000.0,,,,,,,,
137,20191027053010.801,,,,,,,,,,,,,,,,,,,,,,,,,,,,,,,,,,,,,,,,,406288.0,-255228.0,-204553.0
138,20191027053010.817,,,,,,,,,,,,,,,,,,,,,,,,,,,,,,,,,,,,0.0,,,,,,,
139,20191027053010.864,,,,,2.0,,,,,,,,,,,,,,,,,,,,,,,,,,,,,,,,,,,,,,
140,20191027053010.879,,,,,,,,,,,,,,,,,,,,,,,,,,,,,,,,,,,,,0.0,,,,,,
141,20191027053010.895,,,,,,,,,,,,,,,,,4.0,,,,,,,,,,,,,,,,,,,,,,,,,,
142,20191027053010.910,,,,,,,,,,,,,,,,,,,,,,,,,,,,,,,,,,,,,,0.0,,,,,
143,20191027053010.942,,,,,,,,2.0,,,,,,,,,,,,,,,,,,,,,,,,,,,,,,,,,,,
144,20191027053010.957,,,,,,,,,,,,,,,,,,,,,,,,,,,,,,,,,,,,,,,0.0,,,,
145,20191027053010.989,,,,,,,,,,,,,,,,,,,,,,,,,,,,,,,,,,,,,,,,,406286.0,-244028.0,-204553.0
146,20191027053011.004,,,,,,,,,,,,,,,,,,,,275.0,,,,,,,,,,,,,,,,,,,,,,,
147,20191027053011.020,,,,,,,,,,,,,,,,,,,,,274.0,,,,,,,,,,,,,,,,,,,,,,
148,20191027053011.051,,,,,2.0,,,,,,,,,,,,,,,,,,,,,,,,,,,,,,,,,,,,,,
149,20191027053011.067,,,,,,,,,,,,,,,,,,,,,,274.0,,,,,,,,,,,,,,,,,,,,,
150,20191027053011.082,,,,,,,,,,,,,,,,,4.0,,,,,,,,,,,,,,,,,,,,,,,,,,
151,20191027053011.114,,,,,,,,,,,,,,,,,,,,,,,274.0,,,,,,,,,,,,,,,,,,,,
152,20191027053011.129,,,,,,,,2.0,,,,,,,,,,,,,,,,,,,,,,,,,,,,,,,,,,,
153,20191027053011.145,,,,,,,,,,,,,,,,,,,,,,,,274.0,,,,,,,,,,,,,,,,,,,
154,20191027053011.192,,,,,,,,,,,,,,,,,,,,,,,,,,,,,,,,,,,,,,,,,406285.0,-236028.0,-204553.0
155,20191027053011.207,,,,,,,,,,,,,,,,,,,,,,,,,274.0,,,,,,,,,,,,,,,,,,
156,20191027053011.254,,,,,2.0,,,,,,,,,,,,,,,,,,,,,,,,,,,,,,,,,,,,,,
157,20191027053011.270,,,,,,,,,,,,,,,,,,,,,,,,,,0.0,,,,,,,,,,,,,,,,,
158,20191027053011.285,,,,,,,,,,,,,,,,,4.0,,,,,,,,,,,,,,,,,,,,,,,,,,
159,20191027053011.332,,,,,,,,,,,,,,,,,,,,,,,,,,,0.0,,,,,,,,,,,,,,,,
160,20191027053011.348,,,,,,,,2.0,,,,,,,,,,,,,,,,,,,,,,,,,,,,,,,,,,,
161,20191027053011.364,,,,,,,,,,,,,,,,,,,,,,,,,,,,0.0,,,,,,,,,,,,,,,
162,20191027053011.395,,,,,,,,,,,,,,,,,,,,,,,,,,,,,,,,,,,,,,,,,406283.0,-224828.0,-204553.0
163,20191027053011.426,,,,,,,,,,,,,D09,,,C04,,,,,,,,,,,,,0.0,,,,,,,,,,,,,,
164,20191027053011.457,,,,,2.0,,,,,,,,,,,,,,,,,,,,,,,,,,,,,,,,,,,,,,
165,20191027053011.489,,,2.0,,,,,,,,,,,,,,,,,,,,,,,,,,,,,,,,,,,,,,,,
166,20191027053011.504,,,,,,,,,,,,,,,,,3.0,,,,,,,,,,,,,,,,,,,,,,,,,,
167,20191027053011.520,,,,,,,,,,,,,,,,,,35.0,,,,,,,,,,,,,,,,,,,,,,,,,
168,20191027053011.582,,,,,,,,2.0,,,,,,,,,,,,,,,,,,,,,,,,,,,,,,,,,,,
169,20191027053011.598,,,,,,,,,,,,,,,,,,,,,,,,,,,,,,,,,,,,,,,,,406281.0,-213628.0,-204553.0
170,20191027053011.645,,,,,2.0,,,,,,,,,,,,,,,,,,,,,,,,,,,,,,,,,,,,,,
171,20191027053011.660,,,,,,,,,,,,,,,,,4.0,,,,,,,,,,,,,,,,,,,,,,,,,,
172,20191027053011.676,,,,,,,,2.0,,,,,,,,,,,,,,,,,,,,,,,,,,,,,,,,,,,
173,20191027053011.723,,,,,,,,,,,,,,,,,,,,,,,,,,,,,,,,,,,,,,,,,406280.0,-208828.0,-204553.0
174,20191027053011.770,,,,,2.0,,,,,,,,,,,,,,,,,,,,,,,,,,,,,,,,,,,,,,
175,20191027053011.785,,,,,,,,,,,,,,,,,3.0,,,,,,,,,,,,,,,,,,,,,,,,,,
176,20191027053011.801,,,,,,,,2.0,,,,,,,,,,,,,,,,,,,,,,,,,,,,,,,,,,,
177,20191027053011.848,,,,,,,,,,,,,,,,,,,,,,,,,,,,,,,,,,,,,,,,,406279.0,-202428.0,-204553.0
178,20191027053011.879,,,,,2.0,,,,,,,,,,,,,,,,,,,,,,,,,,,,,,,,,,,,,,
179,20191027053011.895,,,,,,,,,,,,,,,,,3.0,,,,,,,,,,,,,,,,,,,,,,,,,,
180,20191027053011.910,,,,,,,,2.0,,,,,,,,,,,,,,,,,,,,,,,,,,,,,,,,,,,
181,20191027053011.957,,,,,,,,,,,,,,,,,,,,,,,,,,,,,,,,,,,,,,,,,406278.0,-196028.0,-204553.0
182,20191027053012.020,,,,,2.0,,,,,,,,,,,,,,,,,,,,,,,,,,,,,,,,,,,,,,
183,20191027053012.051,,,,4997.0,,,,,,2606.0,,,,,,,,,,,,,,,,,,,,,,,,,,,,,,,,,
184,20191027053012.082,,,,,,,,,,,,,,,,,3.0,,,,,,,,,,,,,,,,,,,,,,,,,,
185,20191027053012.098,2606.0,,,,,,,,,,,,,,,,,,,,,,,,,,,,,,,,,,,,,,,,,,
186,20191027053012.114,,,,,,,,2.0,,,,,,,,,,,,,,,,,,,,,,,,,,,,,,,,,,,
187,20191027053012.176,,,,,,,,,,,,,,,,,,,,,,,,,,,,,,,,,,,,,,,,,405129.0,-186745.0,-204553.0
188,20191027053012.207,,,,,,,43.0,,,,,,,,,,,,,,,,,,,,,,,,,,,,,,,,,,,,
189,20191027053012.239,,,,,2.0,,,,,,,,,,,,,,,,,,,,,,,,,,,,,,,,,,,,,,
190,20191027053012.270,,,,,,,,,,,,,,,,,3.0,,,,,,,,,,,,,,,,,,,,,,,,,,
191,20191027053012.301,,,,,,,,,,,,,,14567656.0,,,,,,,,,,,,,,,,,,,,,,,,,,,,,
192,20191027053012.332,,,,,,,,2.0,,,,,,,,,,,,,,,,,,,,,,,,,,,,,,,,,,,
193,20191027053012.348,,,,,,,,,,,,,,,80112600.0,,,,,,,,,,,,,,,,,,,,,,,,,,,,
194,20191027053012.379,,,,,,,,,,,,,,,,,,,,,,,,,,,,,,,,,,,,,,,,,406473.0,-179892.0,-204553.0
195,20191027053012.426,,,,,2.0,,,,,,,,,,,,,,,,,,,,,,,,,,,,,,,,,,,,,,
196,20191027053012.473,,,,,,21908557.0,,,,,,,,,,,,,,,,,,,,,,,,,,,,,,,,,,,,,
197,20191027053012.489,,,,,,,,,,,,,,,,,2.0,,,,,,,,,,,,,,,,,,,,,,,,,,
198,20191027053012.520,,,,,,,,,,,,,,,,,,,,,,,,,,,,,,,,,,,,,,,,16797.0,,,
199,20191027053012.535,,,,,,,,2.0,,,,,,,,,,,,,,,,,,,,,,,,,,,,,,,,,,,
200,20191027053012.551,,,,,,,,,,,,,,,,,,,,,,,,,,,,,,1500.0,,,,,,,,,,,,,
201,20191027053012.598,,,,,,,,,,,,,,,,,,,,,,,,,,,,,,,,,,,,,,,,,406629.0,-170235.0,-204553.0
202,20191027053012.614,,,,,,,,,,,,,,,,,,,,,,,,,,,,,,,900.0,,,,,,,,,,,,
203,20191027053012.676,,,,,,,,,,,,,,,,,,,,,,,,,,,,,,,,400.0,,,,,,,,,,,
204,20191027053012.723,,,,,2.0,,,,,,,,,,,,,,,,,,,,,,,,,,,,,,,,,,,,,,
205,20191027053012.754,,,,,,,,,,,,,,,,,,,,,,,,,,,,,,,,,400.0,,,,,,,,,,
206,20191027053012.770,,,,,,,,,,,,,,,,,3.0,,,,,,,,,,,,,,,,,,,,,,,,,,
207,20191027053012.785,,,,,,,,,,,,,,,,,,,,,,,,,,,,,,,,,,400.0,,,,,,,,,
208,20191027053012.817,,,,,,,,2.0,,,,,,,,,,,,,,,,,,,,,,,,,,,,,,,,,,,
209,20191027053012.848,,,,,,,,,,,,,,,,,,,,,,,,,,,,,,,,,,,2000.0,,,,,,,,
210,20191027053012.910,,,,,,,,,,,,,,,,,,,,,,,,,,,,,,,,,,,,,,,,,406624.0,-155835.0,-204553.0
211,20191027053012.926,,,,,,,,,,,,,,,,,,,,,,,,,,,,,,,,,,,,0.0,,,,,,,
212,20191027053012.957,,,,,2.0,,,,,,,,,,,,,,,,,,,,,,,,,,,,,,,,,,,,,,
213,20191027053013.004,,,,,,,,,,,,,,,,,,,,,,,,,,,,,,,,,,,,,0.0,,,,,,
214,20191027053013.035,,,,,,,,,,,,,,,,,4.0,,,,,,,,,,,,,,,,,,,,,,,,,,
215,20191027053013.067,,,,,,,,2.0,,,,,,,,,,,,,,,,,,,,,,,,,,,,,,0.0,,,,,
216,20191027053013.114,,,,,,,,,,,,,,,,,,,,,,,,,,,,,,,,,,,,,,,0.0,,,,
217,20191027053013.129,,,,,,,,,,,,,,,,,,,,,,,,,,,,,,,,,,,,,,,,,406286.0,-143041.0,-204553.0
218,20191027053013.160,,,,,,,,,,,,,,,,,,,,275.0,,,,,,,,,,,,,,,,,,,,,,,
219,20191027053013.192,,,,,2.0,,,,,,,,,,,,,,,,,,,,,,,,,,,,,,,,,,,,,,
220,20191027053013.207,,,,,,,,,,,,,,,,,,,,,274.0,,,,,,,,,,,,,,,,,,,,,,
221,20191027053013.254,,,,,,,,,,,,,,,,,3.0,,,,,,,,,,,,,,,,,,,,,,,,,,
222,20191027053013.270,,,,,,,,,,,,,,,,,,,,,,274.0,,,,,,,,,,,,,,,,,,,,,
223,20191027053013.285,,,,,,,,2.0,,,,,,,,,,,,,,,,,,,,,,,,,,,,,,,,,,,
224,20191027053013.317,,,,,,,,,,,,,,,,,,,,,,,274.0,,,,,,,,,,,,,,,,,,,,
225,20191027053013.348,,,,,,,,,,,,,,,,,,,,,,,,,,,,,,,,,,,,,,,,,405203.0,-133528.0,-204553.0
226,20191027053013.364,,,,,,,,,,,,,,,,,,,,,,,,274.0,,,,,,,,,,,,,,,,,,,
227,20191027053013.410,,,,,,,,,,,,,,,,,,,,,,,,,274.0,,,,,,,,,,,,,,,,,,
228,20191027053013.442,,,,,2.0,,,,,,,,,,,,,,,,,,,,,,,,,,,,,,,,,,,,,,
229,20191027053013.457,,,,,,,,,,,,,,,,,,,,,,,,,,0.0,,,,,,,,,,,,,,,,,
230,20191027053013.473,,,,,,,,,,,,,,,,,2.0,,,,,,,,,,,,,,,,,,,,,,,,,,
231,20191027053013.504,,,,,,,,,,,,,,,,,,,,,,,,,,,0.0,,,,,,,,,,,,,,,,
232,20191027053013.520,,,,,,,,2.0,,,,,,,,,,,,,,,,,,,,,,,,,,,,,,,,,,,
233,20191027053013.551,,,,,,,,,,,,,,,,,,,,,,,,,,,,0.0,,,,,,,,,,,,,,,
234,20191027053013.567,,,,,,,,,,,,,,,,,,,,,,,,,,,,,,,,,,,,,,,,,400425.0,-123475.0,-204553.0
235,20191027053013.614,,,,,,,,,,,,,D09,,,C04,,,,,,,,,,,,,0.0,,,,,,,,,,,,,,
236,20191027053013.645,,,,,2.0,,,,,,,,,,,,,,,,,,,,,,,,,,,,,,,,,,,,,,
237,20191027053013.660,,,2.0,,,,,,,,,,,,,,,,,,,,,,,,,,,,,,,,,,,,,,,,
238,20191027053013.676,,,,,,,,,,,,,,,,,2.0,,,,,,,,,,,,,,,,,,,,,,,,,,
239,20191027053013.692,,,,,,,,,,,,,,,,,,35.0,,,,,,,,,,,,,,,,,,,,,,,,,
240,20191027053013.707,,,,,,,,2.0,,,,,,,,,,,,,,,,,,,,,,,,,,,,,,,,,,,
241,20191027053013.723,,,,,,,,,,,,,,,,,,,,,,,,,,,,,,,,,,,,,,,,,394804.0,-117822.0,-204553.0
242,20191027053013.770,,,,,2.0,,,,,,,,,,,,,,,,,,,,,,,,,,,,,,,,,,,,,,
243,20191027053013.801,,,,,,,,2.0,,,,,,,,,3.0,,,,,,,,,,,,,,,,,,,,,,,,,,
244,20191027053013.832,,,,,,,,,,,,,,,,,,,,,,,,,,,,,,,,,,,,,,,,,390741.0,-115277.0,-204553.0
245,20191027053013.864,,,,,2.0,,,,,,,,,,,,,,,,,,,,,,,,,,,,,,,,,,,,,,
246,20191027053013.895,,,,,,,,,,,,,,,,,3.0,,,,,,,,,,,,,,,,,,,,,,,,,,
247,20191027053013.926,,,,,,,,2.0,,,,,,,,,,,,,,,,,,,,,,,,,,,,,,,,,,,
248,20191027053013.942,,,,,,,,,,,,,,,,,,,,,,,,,,,,,,,,,,,,,,,,,384774.0,-112996.0,-204553.0
249,20191027053013.989,,,,,2.0,,,,,,,,,,,,,,,,,,,,,,,,,,,,,,,,,,,,,,
250,20191027053014.004,,,,,,,,,,,,,,,,,3.0,,,,,,,,,,,,,,,,,,,,,,,,,,
251,20191027053014.020,,,,4997.0,,,,,,2999.0,,,,,,,,,,,,,,,,,,,,,,,,,,,,,,,,,
252,20191027053014.051,,,,,,,,2.0,,,,,,,,,,,,,,,,,,,,,,,,,,,,,,,,,,,
253,20191027053014.082,2999.0,,,,,,,,,,,,,,,,,,,,,,,,,,,,,,,,,,,,,,,,,,
254,20191027053014.114,,,,,,,,,,,,,,,,,,,,,,,,,,,,,,,,,,,,,,,,,376867.0,-111899.0,-204553.0
255,20191027053014.176,,,,,2.0,,,,,,,,,,,,,,,,,,,,,,,,,,,,,,,,,,,,,,
256,20191027053014.192,,,,,,,45.0,,,,,,,,,,,,,,,,,,,,,,,,,,,,,,,,,,,,
257,20191027053014.223,,,,,,,,,,,,,,,,,3.0,,,,,,,,,,,,,,,,,,,,,,,,,,
258,20191027053014.270,,,,,,,,2.0,,,,,,,,,,,,,,,,,,,,,,,,,,,,,,,,,,,
259,20191027053014.285,,,,,,,,,,,,,,14567658.0,,,,,,,,,,,,,,,,,,,,,,,,,,,,,
260,20191027053014.301,,,,,,,,,,,,,,,,,,,,,,,,,,,,,,,,,,,,,,,,,367268.0,-111874.0,-204553.0
261,20191027053014.332,,,,,,,,,,,,,,,80112600.0,,,,,,,,,,,,,,,,,,,,,,,,,,,,
262,20191027053014.364,,,,,2.0,,,,,,,,,,,,,,,,,,,,,,,,,,,,,,,,,,,,,,
263,20191027053014.410,,,,,,,,,,,,,,,,,3.0,,,,,,,,,,,,,,,,,,,,,,,,,,
264,20191027053014.426,,,,,,21908559.0,,,,,,,,,,,,,,,,,,,,,,,,,,,,,,,,,,,,,
265,20191027053014.473,,,,,,,,2.0,,,,,,,,,,,,,,,,,,,,,,,,,,,,,,,,,,,
266,20191027053014.504,,,,,,,,,,,,,,,,,,,,,,,,,,,,,,,,,,,,,,,,16797.0,,,
267,20191027053014.535,,,,,,,,,,,,,,,,,,,,,,,,,,,,,,,,,,,,,,,,,354468.0,-111874.0,-204553.0
268,20191027053014.551,,,,,,,,,,,,,,,,,,,,,,,,,,,,,,1500.0,,,,,,,,,,,,,
269,20191027053014.567,,,,,,,,,,,,,,,,,,,,,,,,,,,,,,,900.0,,,,,,,,,,,,
270,20191027053014.614,,,,,2.0,,,,,,,,,,,,,,,,,,,,,,,,,,,,,,,,,,,,,,
271,20191027053014.645,,,,,,,,,,,,,,,,,,,,,,,,,,,,,,,,400.0,,,,,,,,,,,
272,20191027053014.660,,,,,,,,,,,,,,,,,3.0,,,,,,,,,,,,,,,,,,,,,,,,,,
273,20191027053014.676,,,,,,,,,,,,,,,,,,,,,,,,,,,,,,,,,400.0,,,,,,,,,,
274,20191027053014.692,,,,,,,,2.0,,,,,,,,,,,,,,,,,,,,,,,,,,,,,,,,,,,
275,20191027053014.723,,,,,,,,,,,,,,,,,,,,,,,,,,,,,,,,,,400.0,,,,,,,,,
276,20191027053014.739,,,,,,,,,,,,,,,,,,,,,,,,,,,,,,,,,,,,,,,,,344868.0,-111874.0,-204553.0
277,20191027053014.785,,,,,,,,,,,,,,,,,,,,,,,,,,,,,,,,,,,2000.0,,,,,,,,
278,20191027053014.801,,,,,2.0,,,,,,,,,,,,,,,,,,,,,,,,,,,,,,,0.0,,,,,,,
279,20191027053014.832,,,,,,,,,,,,,,,,,5.0,,,,,,,,,,,,,,,,,,,,0.0,,,,,,
280,20191027053014.864,,,,,,,,2.0,,,,,,,,,,,,,,,,,,,,,,,,,,,,,,,,,,,
281,20191027053014.895,,,,,,,,,,,,,,,,,,,,,,,,,,,,,,,,,,,,,,0.0,,,,,
282,20191027053014.973,,,,,,,,,,,,,,,,,,,,,,,,,,,,,,,,,,,,,,,,,335268.0,-111874.0,-204553.0
283,20191027053015.004,,,,,,,,,,,,,,,,,,,,,,,,,,,,,,,,,,,,,,,0.0,,,,
284,20191027053015.035,,,,,2.0,,,,,,,,,,,,,,,,,,,,,,,,,,,,,,,,,,,,,,
285,20191027053015.051,,,,,,,,,,,,,,,,,,,,275.0,,,,,,,,,,,,,,,,,,,,,,,
286,20191027053015.067,,,,,,,,,,,,,,,,,3.0,,,,,,,,,,,,,,,,,,,,,,,,,,
287,20191027053015.082,,,,,,,,2.0,,,,,,,,,,,,,274.0,,,,,,,,,,,,,,,,,,,,,,
288,20191027053015.114,,,,,,,,,,,,,,,,,,,,,,274.0,,,,,,,,,,,,,,,,,,,,,
289,20191027053015.160,,,,,,,,,,,,,,,,,,,,,,,,,,,,,,,,,,,,,,,,,324082.0,-112216.0,-204553.0
290,20191027053015.192,,,,,,,,,,,,,,,,,,,,,,,274.0,,,,,,,,,,,,,,,,,,,,
291,20191027053015.223,,,,,2.0,,,,,,,,,,,,,,,,,,,,,,,,,,,,,,,,,,,,,,
292,20191027053015.254,,,,,,,,,,,,,,,,,,,,,,,,274.0,,,,,,,,,,,,,,,,,,,
293,20191027053015.270,,,,,,,,,,,,,,,,,3.0,,,,,,,,,,,,,,,,,,,,,,,,,,
294,20191027053015.285,,,,,,,,,,,,,,,,,,,,,,,,,274.0,,,,,,,,,,,,,,,,,,
295,20191027053015.317,,,,,,,,2.0,,,,,,,,,,,,,,,,,,,,,,,,,,,,,,,,,,,
296,20191027053015.348,,,,,,,,,,,,,,,,,,,,,,,,,,0.0,,,,,,,,,,,,,,,,,
297,20191027053015.379,,,,,,,,,,,,,,,,,,,,,,,,,,,,,,,,,,,,,,,,,313486.0,-115638.0,-204553.0
298,20191027053015.410,,,,,,,,,,,,,,,,,,,,,,,,,,,0.0,,,,,,,,,,,,,,,,
299,20191027053015.442,,,,,2.0,,,,,,,,,,,,,,,,,,,,,,,,,,,,,,,,,,,,,,
300,20191027053015.457,,,,,,,,,,,,,,,,,,,,,,,,,,,,0.0,,,,,,,,,,,,,,,
301,20191027053015.489,,,,,,,,,,,,,,,,,3.0,,,,,,,,,,,,,,,,,,,,,,,,,,
302,20191027053015.504,,,,,,,,,,,,,D09,,,C04,,,,,,,,,,,,,0.0,,,,,,,,,,,,,,
303,20191027053015.567,,,,,,,,2.0,,,,,,,,,,,,,,,,,,,,,,,,,,,,,,,,,,,
304,20191027053015.598,,,2.0,,,,,,,,,,,,,,,,,,,,,,,,,,,,,,,,,,,,,,,,
305,20191027053015.614,,,,,,,,,,,,,,,,,,,,,,,,,,,,,,,,,,,,,,,,,304982.0,-122812.0,-204553.0
306,20191027053015.645,,,,,,,,,,,,,,,,,,35.0,,,,,,,,,,,,,,,,,,,,,,,,,
307,20191027053015.676,,,,,2.0,,,,,,,,,,,,,,,,,,,,,,,,,,,,,,,,,,,,,,
308,20191027053015.739,,,,,,,,,,,,,,,,,3.0,,,,,,,,,,,,,,,,,,,,,,,,,,
309,20191027053015.785,,,,,,,,2.0,,,,,,,,,,,,,,,,,,,,,,,,,,,,,,,,,,,
310,20191027053015.817,,,,,,,,,,,,,,,,,,,,,,,,,,,,,,,,,,,,,,,,,300400.0,-131196.0,-204553.0
311,20191027053015.864,,,,,2.0,,,,,,,,,,,,,,,,,,,,,,,,,,,,,,,,,,,,,,
312,20191027053015.879,,,,,,,,,,,,,,,,,4.0,,,,,,,,,,,,,,,,,,,,,,,,,,
313,20191027053015.910,,,,,,,,2.0,,,,,,,,,,,,,,,,,,,,,,,,,,,,,,,,,,,
314,20191027053015.926,,,,,,,,,,,,,,,,,,,,,,,,,,,,,,,,,,,,,,,,,298951.0,-137418.0,-204553.0
315,20191027053015.973,,,,,2.0,,,,,,,,,,,,,,,,,,,,,,,,,,,,,,,,,,,,,,
316,20191027053015.989,,,,,,,,,,,,,,,,,4.0,,,,,,,,,,,,,,,,,,,,,,,,,,
317,20191027053016.004,,,,,,,,2.0,,,,,,,,,,,,,,,,,,,,,,,,,,,,,,,,,,,
318,20191027053016.020,,,,4997.0,,,,,,2999.0,,,,,,,,,,,,,,,,,,,,,,,,,,,,,,,,,
319,20191027053016.051,,,,,,,,,,,,,,,,,,,,,,,,,,,,,,,,,,,,,,,,,298611.0,-143804.0,-204553.0
320,20191027053016.098,3000.0,,,,,,,,,,,,,,,,,,,,,,,,,,,,,,,,,,,,,,,,,,
321,20191027053016.114,,,,,2.0,,,,,,,,,,,,,,,,,,,,,,,,,,,,,,,,,,,,,,
322,20191027053016.176,,,,,,,,,,,,,,,,,4.0,,,,,,,,,,,,,,,,,,,,,,,,,,
323,20191027053016.192,,,,,,,47.0,,,,,,,,,,,,,,,,,,,,,,,,,,,,,,,,,,,,
324,20191027053016.207,,,,,,,,2.0,,,,,,,,,,,,,,,,,,,,,,,,,,,,,,,,,,,
325,20191027053016.285,,,,,,,,,,,,,,,,,,,,,,,,,,,,,,,,,,,,,,,,,298612.0,-155004.0,-204553.0
326,20191027053016.301,,,,,,,,,,,,,,14567660.0,,,,,,,,,,,,,,,,,,,,,,,,,,,,,
327,20191027053016.332,,,,,2.0,,,,,,,,,,,,,,,,,,,,,,,,,,,,,,,,,,,,,,
328,20191027053016.364,,,,,,,,,,,,,,,80112600.0,,,,,,,,,,,,,,,,,,,,,,,,,,,,
329,20191027053016.395,,,,,,,,,,,,,,,,,4.0,,,,,,,,,,,,,,,,,,,,,,,,,,
330,20191027053016.442,,,,,,,,2.0,,,,,,,,,,,,,,,,,,,,,,,,,,,,,,,,,,,
331,20191027053016.457,,,,,,21908561.0,,,,,,,,,,,,,,,,,,,,,,,,,,,,,,,,,,,,,
332,20191027053016.520,,,,,,,,,,,,,,,,,,,,,,,,,,,,,,,,,,,,,,,,,298614.0,-166204.0,-204553.0
333,20191027053016.551,,,,,,,,,,,,,,,,,,,,,,,,,,,,,,,,,,,,,,,,16797.0,,,
334,20191027053016.582,,,,,2.0,,,,,,,,,,,,,,,,,,,,,,,,,,,,,,,,,,,,,,
335,20191027053016.598,,,,,,,,,,,,,,,,,,,,,,,,,,,,,,1500.0,,,,,,,,,,,,,
336,20191027053016.629,,,,,,,,,,,,,,,,,3.0,,,,,,,,,,,,,,,,,,,,,,,,,,
337,20191027053016.660,,,,,,,,,,,,,,,,,,,,,,,,,,,,,,,900.0,,,,,,,,,,,,
338,20191027053016.676,,,,,,,,2.0,,,,,,,,,,,,,,,,,,,,,,,,,,,,,,,,,,,
339,20191027053016.692,,,,,,,,,,,,,,,,,,,,,,,,,,,,,,,,400.0,,,,,,,,,,,
340,20191027053016.723,,,,,,,,,,,,,,,,,,,,,,,,,,,,,,,,,,,,,,,,,298615.0,-177404.0,-204553.0
341,20191027053016.754,,,,,,,,,,,,,,,,,,,,,,,,,,,,,,,,,400.0,,,,,,,,,,
342,20191027053016.770,,,,,2.0,,,,,,,,,,,,,,,,,,,,,,,,,,,,,,,,,,,,,,
343,20191027053016.801,,,,,,,,,,,,,,,,,,,,,,,,,,,,,,,,,,400.0,,,,,,,,,
344,20191027053016.832,,,,,,,,,,,,,,,,,3.0,,,,,,,,,,,,,,,,,,,,,,,,,,
345,20191027053016.864,,,,,,,,,,,,,,,,,,,,,,,,,,,,,,,,,,,2000.0,,,,,,,,
346,20191027053016.895,,,,,,,,2.0,,,,,,,,,,,,,,,,,,,,,,,,,,,,,,,,,,,
347,20191027053016.910,,,,,,,,,,,,,,,,,,,,,,,,,,,,,,,,,,,,0.0,,,,,,,
348,20191027053016.926,,,,,,,,,,,,,,,,,,,,,,,,,,,,,,,,,,,,,,,,,298617.0,-187004.0,-204553.0
349,20191027053016.973,,,,,,,,,,,,,,,,,,,,,,,,,,,,,,,,,,,,,0.0,,,,,,
350,20191027053017.004,,,,,2.0,,,,,,,,,,,,,,,,,,,,,,,,,,,,,,,,,,,,,,
351,20191027053017.051,,,,,,,,,,,,,,,,,,,,,,,,,,,,,,,,,,,,,,0.0,,,,,
352,20191027053017.067,,,,,,,,,,,,,,,,,3.0,,,,,,,,,,,,,,,,,,,,,,,,,,
353,20191027053017.082,,,,,,,,,,,,,,,,,,,,,,,,,,,,,,,,,,,,,,,0.0,,,,
354,20191027053017.098,,,,,,,,2.0,,,,,,,,,,,,,,,,,,,,,,,,,,,,,,,,,,,
355,20191027053017.129,,,,,,,,,,,,,,,,,,,,275.0,,,,,,,,,,,,,,,,,,,,,,,
356,20191027053017.160,,,,,,,,,,,,,,,,,,,,,,,,,,,,,,,,,,,,,,,,,299607.0,-197538.0,-204553.0
357,20191027053017.192,,,,,,,,,,,,,,,,,,,,,274.0,,,,,,,,,,,,,,,,,,,,,,
358,20191027053017.223,,,,,2.0,,,,,,,,,,,,,,,,,,,,,,,,,,,,,,,,,,,,,,
359,20191027053017.270,,,,,,,,,,,,,,,,,,,,,,274.0,,,,,,,,,,,,,,,,,,,,,
360,20191027053017.285,,,,,,,,,,,,,,,,,3.0,,,,,,,,,,,,,,,,,,,,,,,,,,
361,20191027053017.317,,,,,,,,,,,,,,,,,,,,,,,274.0,,,,,,,,,,,,,,,,,,,,
362,20191027053017.332,,,,,,,,2.0,,,,,,,,,,,,,,,,,,,,,,,,,,,,,,,,,,,
363,20191027053017.364,,,,,,,,,,,,,,,,,,,,,,,,274.0,,,,,,,,,,,,,,,,,,,
364,20191027053017.410,,,,,,,,,,,,,,,,,,,,,,,,,,,,,,,,,,,,,,,,,300935.0,-208194.0,-204553.0
365,20191027053017.426,,,,,,,,,,,,,,,,,,,,,,,,,274.0,,,,,,,,,,,,,,,,,,
366,20191027053017.442,,,,,2.0,,,,,,,,,,,,,,,,,,,,,,,,,,,,,,,,,,,,,,
367,20191027053017.473,,,,,,,,,,,,,,,,,3.0,,,,,,,,,0.0,,,,,,,,,,,,,,,,,
368,20191027053017.504,,,,,,,,,,,,,,,,,,,,,,,,,,,0.0,,,,,,,,,,,,,,,,
369,20191027053017.535,,,,,,,,2.0,,,,,,,,,,,,,,,,,,,,,,,,,,,,,,,,,,,
370,20191027053017.551,,,,,,,,,,,,,,,,,,,,,,,,,,,,0.0,,,,,,,,,,,,,,,
371,20191027053017.598,,,,,,,,,,,,,,,,,,,,,,,,,,,,,,,,,,,,,,,,,296191.0,-209670.0,-204553.0
372,20191027053017.629,,,,,,,,,,,,,D09,,,C04,,,,,,,,,,,,,0.0,,,,,,,,,,,,,,
373,20191027053017.645,,,,,2.0,,,,,,,,,,,,,,,,,,,,,,,,,,,,,,,,,,,,,,
374,20191027053017.676,,,2.0,,,,,,,,,,,,,,,,,,,,,,,,,,,,,,,,,,,,,,,,
375,20191027053017.692,,,,,,,,,,,,,,,,,3.0,,,,,,,,,,,,,,,,,,,,,,,,,,
376,20191027053017.739,,,,,,,,,,,,,,,,,,36.0,,,,,,,,,,,,,,,,,,,,,,,,,
377,20191027053017.801,,,,,,,,2.0,,,,,,,,,,,,,,,,,,,,,,,,,,,,,,,,,,,
378,20191027053017.848,,,,,,,,,,,,,,,,,,,,,,,,,,,,,,,,,,,,,,,,,291474.0,-212373.0,-192613.0
379,20191027053017.895,,,,,2.0,,,,,,,,,,,,,,,,,,,,,,,,,,,,,,,,,,,,,,
380,20191027053017.957,,,,,,,,2.0,,,,,,,,,3.0,,,,,,,,,,,,,,,,,,,,,,,,,,
381,20191027053017.989,,,,,,,,,,,,,,,,,,,,,,,,,,,,,,,,,,,,,,,,,289206.0,-227094.0,-197893.0
382,20191027053018.020,,,,4997.0,,,,,,4375.0,,,,,,,,,,,,,,,,,,,,,,,,,,,,,,,,,
383,20191027053018.035,,,,,2.0,,,,,,,,,,,,,,,,,,,,,,,,,,,,,,,,,,,,,,
384,20191027053018.067,8186.0,,,,,,,,,,,,,,,,,,,,,,,,,,,,,,,,,,,,,,,,,,
385,20191027053018.082,,,,,,,,,,,,,,,,,3.0,,,,,,,,,,,,,,,,,,,,,,,,,,
386,20191027053018.129,,,,,,,,2.0,,,,,,,,,,,,,,,,,,,,,,,,,,,,,,,,,,,
387,20191027053018.145,,,,,,,49.0,,,,,,,,,,,,,,,,,,,,,,,,,,,,,,,,,,,,
388,20191027053018.176,,,,,,,,,,,,,,,,,,,,,,,,,,,,,,,,,,,,,,,,,293256.0,-227094.0,-204313.0
389,20191027053018.223,,,,,2.0,,,,,,,,,,,,,,,,,,,,,,,,,,,,,,,,,,,,,,
390,20191027053018.254,,,,,,,,,,,,,,14567662.0,,,3.0,,,,,,,,,,,,,,,,,,,,,,,,,,
391,20191027053018.270,,,,,,,,,,,,,,,80112600.0,,,,,,,,,,,,,,,,,,,,,,,,,,,,
392,20191027053018.285,,,,,,,,2.0,,,,,,,,,,,,,,,,,,,,,,,,,,,,,,,,,,,
393,20191027053018.317,,,,,,,,,,,,,,,,,,,,,,,,,,,,,,,,,,,,,,,,,299700.0,-227094.0,-204313.0
394,20191027053018.364,,,,,,21908563.0,,,,,,,,,,,,,,,,,,,,,,,,,,,,,,,,,,,,,
395,20191027053018.379,,,,,2.0,,,,,,,,,,,,,,,,,,,,,,,,,,,,,,,,,,,,,,
396,20191027053018.410,,,,,,,,,,,,,,,,,,,,,,,,,,,,,,,,,,,,,,,,16797.0,,,
397,20191027053018.442,,,,,,,,,,,,,,,,,3.0,,,,,,,,,,,,,,,,,,,,,,,,,,
398,20191027053018.457,,,,,,,,,,,,,,,,,,,,,,,,,,,,,,1500.0,,,,,,,,,,,,,
399,20191027053018.473,,,,,,,,2.0,,,,,,,,,,,,,,,,,,,,,,,,,,,,,,,,,,,
400,20191027053018.489,,,,,,,,,,,,,,,,,,,,,,,,,,,,,,,900.0,,,,,,,,,,,,
401,20191027053018.520,,,,,,,,,,,,,,,,,,,,,,,,,,,,,,,,,,,,,,,,,299701.0,-227094.0,-151013.0
402,20191027053018.535,,,,,,,,,,,,,,,,,,,,,,,,,,,,,,,,400.0,,,,,,,,,,,
403,20191027053018.567,,,,,2.0,,,,,,,,,,,,,,,,,,,,,,,,,,,,,,,,,,,,,,
404,20191027053018.598,,,,,,,,,,,,,,,,,,,,,,,,,,,,,,,,,400.0,,,,,,,,,,
405,20191027053018.629,,,,,,,,,,,,,,,,,3.0,,,,,,,,,,,,,,,,,,,,,,,,,,
406,20191027053018.645,,,,,,,,,,,,,,,,,,,,,,,,,,,,,,,,,,400.0,,,,,,,,,
407,20191027053018.676,,,,,,,,2.0,,,,,,,,,,,,,,,,,,,,,,,,,,,,,,,,,,,
408,20191027053018.707,,,,,,,,,,,,,,,,,,,,,,,,,,,,,,,,,,,2000.0,,,,,,,,
409,20191027053018.754,,,,,,,,,,,,,,,,,,,,,,,,,,,,,,,,,,,,,,,,,299701.0,-227094.0,0.0
410,20191027053018.785,,,,,2.0,,,,,,,,,,,,,,,,,,,,,,,,,,,,,,,0.0,,,,,,,
411,20191027053018.801,,,,,,,,,,,,,,,,,,,,,,,,,,,,,,,,,,,,,0.0,,,,,,
412,20191027053018.817,,,,,,,,,,,,,,,,,3.0,,,,,,,,,,,,,,,,,,,,,,,,,,
413,20191027053018.832,,,,,,,,,,,,,,,,,,,,,,,,,,,,,,,,,,,,,,0.0,,,,,
414,20191027053018.864,,,,,,,,2.0,,,,,,,,,,,,,,,,,,,,,,,,,,,,,,,,,,,
415,20191027053018.879,,,,,,,,,,,,,,,,,,,,,,,,,,,,,,,,,,,,,,,0.0,,,,
416,20191027053018.926,,,,,,,,,,,,,,,,,,,,,,,,,,,,,,,,,,,,,,,,,299701.0,-227094.0,0.0
417,20191027053019.004,,,,,,,,,,,,,,,,,,,,275.0,,,,,,,,,,,,,,,,,,,,,,,
418,20191027053019.020,,,,,2.0,,,,,,,,,,,,,,,,,,,,,,,,,,,,,,,,,,,,,,
419,20191027053019.067,,,,,,,,,,,,,,,,,,,,,275.0,,,,,,,,,,,,,,,,,,,,,,
420,20191027053019.082,,,,,,,,,,,,,,,,,3.0,,,,,,,,,,,,,,,,,,,,,,,,,,
421,20191027053019.098,,,,,,,,,,,,,,,,,,,,,,274.0,,,,,,,,,,,,,,,,,,,,,
422,20191027053019.129,,,,,,,,2.0,,,,,,,,,,,,,,,,,,,,,,,,,,,,,,,,,,,
423,20191027053019.160,,,,,,,,,,,,,,,,,,,,,,,274.0,,,,,,,,,,,,,,,,,,,,
424,20191027053019.192,,,,,,,,,,,,,,,,,,,,,,,,,,,,,,,,,,,,,,,,,299701.0,-227094.0,0.0
425,20191027053019.223,,,,,,,,,,,,,,,,,,,,,,,,274.0,,,,,,,,,,,,,,,,,,,
426,20191027053019.270,,,,,3.0,,,,,,,,,,,,,,,,,,,,,,,,,,,,,,,,,,,,,,
427,20191027053019.285,,,,,,,,,,,,,,,,,,,,,,,,,274.0,,,,,,,,,,,,,,,,,,
428,20191027053019.301,,,,,,,,,,,,,,,,,135.0,,,,,,,,,,,,,,,,,,,,,,,,,,
429,20191027053019.317,,,,,,,,,,,,,,,,,,,,,,,,,,0.0,,,,,,,,,,,,,,,,,
430,20191027053019.332,,,,,,,,2.0,,,,,,,,,,,,,,,,,,,,,,,,,,,,,,,,,,,
431,20191027053019.364,,,,,,,,,,,,,,,,,,,,,,,,,,,0.0,,,,,,,,,,,,,,,,
432,20191027053019.379,,,,,,,,,,,,,,,,,,,,,,,,,,,,,,,,,,,,,,,,,299701.0,-227094.0,10000.0
433,20191027053019.395,,,,,,,,,,,,,,,,,,,,,,,,,,,,0.0,,,,,,,,,,,,,,,
434,20191027053019.426,,,,,,,,,,,,,D09,,,C04,,,,,,,,,,,,,0.0,,,,,,,,,,,,,,
435,20191027053019.442,,,,,3.0,,,,,,,,,,,,,,,,,,,,,,,,,,,,,,,,,,,,,,
436,20191027053019.457,,,2.0,,,,,,,,,,,,,,,,,,,,,,,,,,,,,,,,,,,,,,,,
437,20191027053019.473,,,,,,,,,,,,,,,,,30.0,,,,,,,,,,,,,,,,,,,,,,,,,,
438,20191027053019.504,,,,,,,,,,,,,,,,,,36.0,,,,,,,,,,,,,,,,,,,,,,,,,
439,20191027053019.582,,,,,,,,2.0,,,,,,,,,,,,,,,,,,,,,,,,,,,,,,,,,,,
440,20191027053019.614,,,,,,,,,,,,,,,,,,,,,,,,,,,,,,,,,,,,,,,,,299701.0,-227094.0,35800.0
441,20191027053019.660,,,,,3.0,,,,,,,,,,,,,,,,,,,,,,,,,,,,,,,,,,,,,,
442,20191027053019.692,,,,,,,,,,,,,,,,,8.0,,,,,,,,,,,,,,,,,,,,,,,,,,
443,20191027053019.723,,,,,,,,2.0,,,,,,,,,,,,,,,,,,,,,,,,,,,,,,,,,,,
444,20191027053019.770,,,,,,,,,,,,,,,,,,,,,,,,,,,,,,,,,,,,,,,,,299701.0,-227094.0,126000.0
445,20191027053019.817,,,,,3.0,,,,,,,,,,,,,,,,,,,,,,,,,,,,,,,,,,,,,,
446,20191027053019.832,,,,,,,,,,,,,,,,,15.0,,,,,,,,,,,,,,,,,,,,,,,,,,
447,20191027053019.848,,,,,,,,2.0,,,,,,,,,,,,,,,,,,,,,,,,,,,,,,,,,,,
448,20191027053019.895,,,,,,,,,,,,,,,,,,,,,,,,,,,,,,,,,,,,,,,,,299701.0,-227094.0,126000.0
449,20191027053019.926,,,,,3.0,,,,,,,,,,,,,,,,,,,,,,,,,,,,,,,,,,,,,,
450,20191027053019.957,,,,,,,,,,,,,,,,,114.0,,,,,,,,,,,,,,,,,,,,,,,,,,
451,20191027053019.989,,,,,,,,2.0,,,,,,,,,,,,,,,,,,,,,,,,,,,,,,,,,,,
452,20191027053020.020,,,,,,,,,,,,,,,,,,,,,,,,,,,,,,,,,,,,,,,,,299701.0,-227094.0,126000.0
453,20191027053020.051,,,,176.0,,,,,,0.0,,,,,,,,,,,,,,,,,,,,,,,,,,,,,,,,,
454,20191027053020.082,,,,,3.0,,,,,,,,,,,,,,,,,,,,,,,,,,,,,,,,,,,,,,
455,20191027053020.114,6857.0,,,,,,,,,,,,,,,,51.0,,,,,,,,,,,,,,,,,,,,,,,,,,
456,20191027053020.176,,,,,,,,2.0,,,,,,,,,,,,,,,,,,,,,,,,,,,,,,,,,,,
457,20191027053020.192,,,,,,,51.0,,,,,,,,,,,,,,,,,,,,,,,,,,,,,,,,,,,,
458,20191027053020.223,,,,,,,,,,,,,,,,,,,,,,,,,,,,,,,,,,,,,,,,,299701.0,-227094.0,34000.0
459,20191027053020.270,,,,,3.0,,,,,,,,,,,,,,,,,,,,,,,,,,,,,,,,,,,,,,
460,20191027053020.301,,,,,,,,,,,,,,14567664.0,,,,,,,,,,,,,,,,,,,,,,,,,,,,,
461,20191027053020.317,,,,,,,,,,,,,,,,,13.0,,,,,,,,,,,,,,,,,,,,,,,,,,
462,20191027053020.348,,,,,,,,,,,,,,,80112600.0,,,,,,,,,,,,,,,,,,,,,,,,,,,,
463,20191027053020.379,,,,,,,,2.0,,,,,,,,,,,,,,,,,,,,,,,,,,,,,,,,,,,
464,20191027053020.410,,,,,,,,,,,,,,,,,,,,,,,,,,,,,,,,,,,,,,,,,299701.0,-227094.0,17086.0
465,20191027053020.457,,,,,,21908563.0,,,,,,,,,,,,,,,,,,,,,,,,,,,,,,,,,,,,,
466,20191027053020.473,,,,,3.0,,,,,,,,,,,,,,,,,,,,,,,,,,,,,,,,,,,,,,
467,20191027053020.504,,,,,,,,,,,,,,,,,3.0,,,,,,,,,,,,,,,,,,,,,,,16797.0,,,
468,20191027053020.520,,,,,,,,,,,,,,,,,,,,,,,,,,,,,,1500.0,,,,,,,,,,,,,
469,20191027053020.535,,,,,,,,2.0,,,,,,,,,,,,,,,,,,,,,,,,,,,,,,,,,,,
470,20191027053020.551,,,,,,,,,,,,,,,,,,,,,,,,,,,,,,,900.0,,,,,,,,,,,,
471,20191027053020.567,,,,,,,,,,,,,,,,,,,,,,,,,,,,,,,,,,,,,,,,,300515.0,-230794.0,0.0
472,20191027053020.598,,,,,,,,,,,,,,,,,,,,,,,,,,,,,,,,400.0,,,,,,,,,,,
473,20191027053020.614,,,,,3.0,,,,,,,,,,,,,,,,,,,,,,,,,,,,,,,,,,,,,,
474,20191027053020.629,,,,,,,,,,,,,,,,,,,,,,,,,,,,,,,,,400.0,,,,,,,,,,
475,20191027053020.660,,,,,,,,,,,,,,,,,363.0,,,,,,,,,,,,,,,,,,,,,,,,,,
476,20191027053020.692,,,,,,,,,,,,,,,,,,,,,,,,,,,,,,,,,,400.0,,,,,,,,,
477,20191027053020.707,,,,,,,,2.0,,,,,,,,,,,,,,,,,,,,,,,,,,,,,,,,,,,
478,20191027053020.754,,,,,,,,,,,,,,,,,,,,,,,,,,,,,,,,,,,2000.0,,,,,,,,
479,20191027053020.770,,,,,,,,,,,,,,,,,,,,,,,,,,,,,,,,,,,,,,,,,308819.0,-268541.0,-8200.0
480,20191027053020.785,,,,,,,,,,,,,,,,,,,,,,,,,,,,,,,,,,,,0.0,,,,,,,
481,20191027053020.817,,,,,,,,,,,,,,,,,,,,,,,,,,,,,,,,,,,,,0.0,,,,,,
482,20191027053020.864,,,,,3.0,,,,,,,,,,,,,,,,,,,,,,,,,,,,,,,,,,,,,,
483,20191027053020.879,,,,,,,,,,,,,,,,,,,,,,,,,,,,,,,,,,,,,,0.0,,,,,
484,20191027053020.910,,,,,,,,,,,,,,,,,76.0,,,,,,,,,,,,,,,,,,,,,,,,,,
485,20191027053020.942,,,,,,,,,,,,,,,,,,,,,,,,,,,,,,,,,,,,,,,0.0,,,,
486,20191027053020.957,,,,,,,,2.0,,,,,,,,,,,,,,,,,,,,,,,,,,,,,,,,,,,
487,20191027053020.973,,,,,,,,,,,,,,,,,,,,275.0,,,,,,,,,,,,,,,,,,,,,,,
488,20191027053021.004,,,,,,,,,,,,,,,,,,,,,,,,,,,,,,,,,,,,,,,,,308819.0,-268541.0,-178550.0
489,20191027053021.020,,,,,,,,,,,,,,,,,,,,,275.0,,,,,,,,,,,,,,,,,,,,,,
490,20191027053021.035,,,,,3.0,,,,,,,,,,,,,,,,,,,,,,,,,,,,,,,,,,,,,,
491,20191027053021.129,,,,,,,,,,,,,,,,,,,,,,274.0,,,,,,,,,,,,,,,,,,,,,
492,20191027053021.145,,,,,,,,,,,,,,,,,15.0,,,,,,,,,,,,,,,,,,,,,,,,,,
493,20191027053021.176,,,,,,,,,,,,,,,,,,,,,,,274.0,,,,,,,,,,,,,,,,,,,,
494,20191027053021.192,,,,,,,,2.0,,,,,,,,,,,,,,,,,,,,,,,,,,,,,,,,,,,
495,20191027053021.207,,,,,,,,,,,,,,,,,,,,,,,,274.0,,,,,,,,,,,,,,,,,,,
496,20191027053021.254,,,,,,,,,,,,,,,,,,,,,,,,,,,,,,,,,,,,,,,,,308997.0,-268433.0,-222980.0
497,20191027053021.285,,,,,,,,,,,,,,,,,,,,,,,,,274.0,,,,,,,,,,,,,,,,,,
498,20191027053021.348,,,,,3.0,,,,,,,,,,,,,,,,,,,,,,,,,,,,,,,,,,,,,,
499,20191027053021.379,,,,,,,,,,,,,,,,,,,,,,,,,,0.0,,,,,,,,,,,,,,,,,
500,20191027053021.410,,,,,,,,,,,,,,,,,4.0,,,,,,,,,,,,,,,,,,,,,,,,,,
501,20191027053021.426,,,,,,,,,,,,,,,,,,,,,,,,,,,0.0,,,,,,,,,,,,,,,,
502,20191027053021.442,,,,,,,,2.0,,,,,,,,,,,,,,,,,,,,,,,,,,,,,,,,,,,
503,20191027053021.489,,,,,,,,,,,,,,,,,,,,,,,,,,,,0.0,,,,,,,,,,,,,,,
504,20191027053021.520,,,,,,,,,,,,,,,,,,,,,,,,,,,,,,,,,,,,,,,,,311305.0,-255075.0,-222980.0
505,20191027053021.551,,,,,,,,,,,,,D09,,,C04,,,,,,,,,,,,,0.0,,,,,,,,,,,,,,
506,20191027053021.582,,,,,3.0,,,,,,,,,,,,,,,,,,,,,,,,,,,,,,,,,,,,,,
507,20191027053021.614,,,2.0,,,,,,,,,,,,,,,,,,,,,,,,,,,,,,,,,,,,,,,,
508,20191027053021.629,,,,,,,,,,,,,,,,,3.0,,,,,,,,,,,,,,,,,,,,,,,,,,
509,20191027053021.645,,,,,,,,,,,,,,,,,,36.0,,,,,,,,,,,,,,,,,,,,,,,,,
510,20191027053021.676,,,,,,,,2.0,,,,,,,,,,,,,,,,,,,,,,,,,,,,,,,,,,,
511,20191027053021.692,,,,,,,,,,,,,,,,,,,,,,,,,,,,,,,,,,,,,,,,,308819.0,-251121.0,-207080.0
512,20191027053021.723,,,,,3.0,,,,,,,,,,,,,,,,,,,,,,,,,,,,,,,,,,,,,,
513,20191027053021.739,,,,,,,,,,,,,,,,,2.0,,,,,,,,,,,,,,,,,,,,,,,,,,
514,20191027053021.770,,,,,,,,2.0,,,,,,,,,,,,,,,,,,,,,,,,,,,,,,,,,,,
515,20191027053021.801,,,,,,,,,,,,,,,,,,,,,,,,,,,,,,,,,,,,,,,,,308800.0,-231286.0,-202480.0
516,20191027053021.848,,,,,3.0,,,,,,,,,,,,,,,,,,,,,,,,,,,,,,,,,,,,,,
517,20191027053021.864,,,,,,,,,,,,,,,,,2.0,,,,,,,,,,,,,,,,,,,,,,,,,,
518,20191027053021.895,,,,,,,,2.0,,,,,,,,,,,,,,,,,,,,,,,,,,,,,,,,,,,
